{
    "weighted average accuracy": {
        "1": 58.81000000000001,
        "2": 59.050000000000004
    },
    "run_id": 15214202470418760905
}