{
    "weighted average accuracy": {
        "1": 10.14,
        "2": 10.200000000000001,
        "3": 18.639999999999997,
        "4": 20.880000000000003,
        "5": 23.94,
        "6": 27.310000000000002,
        "7": 29.979999999999997,
        "8": 30.95,
        "9": 32.9,
        "10": 34.699999999999996,
        "11": 36.09,
        "12": 38.519999999999996,
        "13": 39.269999999999996,
        "14": 41.669999999999995,
        "15": 41.48,
        "16": 42.77,
        "17": 44.45,
        "18": 45.42,
        "19": 44.67,
        "20": 46.75000000000001,
        "21": 45.02,
        "22": 47.23,
        "23": 48.88,
        "24": 49.01999999999999,
        "25": 50.06999999999999,
        "26": 50.21,
        "27": 51.050000000000004,
        "28": 51.269999999999996,
        "29": 51.72000000000001,
        "30": 51.70999999999999,
        "31": 52.46999999999999,
        "32": 53.02,
        "33": 51.32,
        "34": 53.11999999999999,
        "35": 53.15,
        "36": 53.970000000000006,
        "37": 53.239999999999995,
        "38": 54.010000000000005,
        "39": 53.709999999999994,
        "40": 53.61,
        "41": 54.04,
        "42": 55.28000000000001,
        "43": 55.04,
        "44": 55.61000000000001,
        "45": 55.559999999999995,
        "46": 56.54,
        "47": 56.25,
        "48": 56.86,
        "49": 57.05,
        "50": 57.64
    },
    "run_id": 1842160483836515167,
    "model": "SimpleCNN",
    "num_server_rounds": 50,
    "epochs": 1,
    "strategy": "Scaffold"
}