{
    "weighted average accuracy": {
        "1": 58.04423337856173,
        "2": 58.616824966078696
    },
    "run_id": 8141505310672447820
}