{
    "weighted average accuracy": {
        "1": 44.910000000000004,
        "2": 54.120000000000005,
        "3": 57.85
    },
    "run_id": 14060643171055692810,
    "model": "SimpleCNN",
    "num_server_rounds": 3,
    "epochs": 3,
    "strategy": "FedProx"
}