{
    "weighted average accuracy": {
        "1": 60.19023066485752,
        "2": 58.80786974219809
    },
    "run_id": 16501308155977714982
}