{
    "weighted average accuracy": {
        "1": 9.319999999999999,
        "2": 9.21,
        "3": 9.629999999999999,
        "4": 9.629999999999999,
        "5": 9.629999999999999
    },
    "run_id": 17101893581748075795,
    "model": "SimpleCNN",
    "num_server_rounds": 5,
    "epochs": 2,
    "strategy": "FedAvg"
}