{
    "weighted average accuracy": {
        "1": 59.239999999999995,
        "2": 59.3,
        "3": 59.019999999999996
    },
    "run_id": 8105688790532506753
}