{
    "weighted average accuracy": {
        "1": 9.76,
        "2": 13.279999999999998,
        "3": 15.730000000000002,
        "4": 17.8,
        "5": 22.1,
        "6": 22.869999999999997,
        "7": 23.529999999999998,
        "8": 25.670000000000005,
        "9": 28.769999999999996,
        "10": 30.23
    },
    "run_id": 4399755460512127482,
    "model": "SimpleCNN",
    "num_server_rounds": 10,
    "epochs": 10,
    "strategy": "FedAdam"
}