{
    "weighted average accuracy": {
        "1": 51.60999999999999,
        "2": 56.87,
        "3": 59.77,
        "4": 61.45,
        "5": 61.82,
        "6": 62.129999999999995,
        "7": 62.86999999999999,
        "8": 62.870000000000005,
        "9": 62.56999999999999,
        "10": 62.3
    },
    "run_id": 11916807914710152059
}