{
    "weighted average accuracy": {
        "1": 49.8,
        "2": 58.31999999999999,
        "3": 57.93000000000001
    },
    "run_id": 10740716665830683238,
    "model": "SimpleCNN",
    "num_server_rounds": 3,
    "epochs": 3,
    "strategy": "FedProx"
}