{
    "weighted average accuracy": {
        "1": 59.52157394843963,
        "2": 59.33242876526458
    },
    "run_id": 8496523767277593642
}