{
    "weighted average accuracy": {
        "1": 30.880000000000003,
        "2": 56.10999999999999,
        "3": 56.89000000000001
    },
    "run_id": 1614060516724827096,
    "model": "SimpleCNN",
    "num_server_rounds": 3,
    "epochs": 3,
    "strategy": "FedProx"
}