{
    "weighted average accuracy": {
        "1": 61.419999999999995,
        "2": 61.11,
        "3": 59.88,
        "4": 59.81999999999999,
        "5": 59.57
    },
    "run_id": 17300755028369256583
}