{
    "weighted average accuracy": {
        "1": 9.629999999999999,
        "2": 9.629999999999999,
        "3": 9.629999999999999,
        "4": 9.629999999999999,
        "5": 10.11,
        "6": 12.469999999999999,
        "7": 19.88,
        "8": 21.390000000000004,
        "9": 23.49,
        "10": 24.97,
        "11": 26.290000000000003,
        "12": 26.849999999999994,
        "13": 27.65,
        "14": 28.87,
        "15": 29.89,
        "16": 30.92,
        "17": 31.819999999999997,
        "18": 32.61,
        "19": 34.06,
        "20": 35.55,
        "21": 37.05,
        "22": 38.190000000000005,
        "23": 38.26,
        "24": 38.11,
        "25": 37.43,
        "26": 37.32,
        "27": 37.38,
        "28": 37.94,
        "29": 39.28,
        "30": 40.77,
        "31": 42.44,
        "32": 43.81,
        "33": 44.9,
        "34": 45.92,
        "35": 46.580000000000005,
        "36": 47.160000000000004,
        "37": 47.59,
        "38": 48.209999999999994,
        "39": 48.33,
        "40": 48.71,
        "41": 49.00000000000001,
        "42": 49.64000000000001,
        "43": 50.06,
        "44": 50.519999999999996,
        "45": 50.940000000000005,
        "46": 51.07999999999999,
        "47": 51.56,
        "48": 51.51,
        "49": 51.769999999999996,
        "50": 52.21,
        "51": 52.90000000000001,
        "52": 53.37,
        "53": 54.24,
        "54": 54.78999999999999,
        "55": 54.95000000000001,
        "56": 54.98,
        "57": 55.15,
        "58": 55.22,
        "59": 55.510000000000005,
        "60": 55.720000000000006,
        "61": 55.99000000000001,
        "62": 56.2,
        "63": 56.44,
        "64": 56.58,
        "65": 56.92,
        "66": 57.3,
        "67": 57.54,
        "68": 57.63999999999999,
        "69": 57.76,
        "70": 57.740000000000016,
        "71": 58.11999999999999,
        "72": 58.34,
        "73": 58.51,
        "74": 58.44999999999999,
        "75": 58.43000000000001,
        "76": 58.5,
        "77": 58.43000000000001,
        "78": 58.4,
        "79": 58.37000000000001,
        "80": 58.85,
        "81": 59.4,
        "82": 59.660000000000004,
        "83": 59.92000000000001,
        "84": 60.17,
        "85": 59.99000000000001,
        "86": 59.98,
        "87": 60.0,
        "88": 60.120000000000005,
        "89": 60.11,
        "90": 60.05999999999999,
        "91": 60.089999999999996,
        "92": 60.260000000000005,
        "93": 60.440000000000005,
        "94": 60.660000000000004,
        "95": 60.74,
        "96": 60.949999999999996,
        "97": 61.28,
        "98": 61.41,
        "99": 61.51,
        "100": 61.440000000000005
    },
    "run_id": 17149760570610801860,
    "model": "SimpleCNN",
    "num_server_rounds": 100,
    "epochs": 1,
    "strategy": "FedYogi"
}