{
    "weighted average accuracy": {
        "1": 10.35,
        "2": 10.58,
        "3": 10.37,
        "4": 10.37,
        "5": 9.629999999999999,
        "6": 9.629999999999999,
        "7": 10.37,
        "8": 10.209999999999999,
        "9": 9.629999999999999,
        "10": 9.879999999999999
    },
    "run_id": 415374617931300956,
    "model": "SimpleCNN",
    "num_server_rounds": 10,
    "epochs": 1,
    "strategy": "Scaffold"
}