{
    "weighted average accuracy": {
        "1": 21.880000000000003,
        "2": 45.760000000000005,
        "3": 49.71,
        "4": 52.849999999999994,
        "5": 53.599999999999994,
        "6": 53.239999999999995,
        "7": 55.269999999999996,
        "8": 55.02,
        "9": 55.99000000000001,
        "10": 55.84,
        "11": 56.88999999999999,
        "12": 55.76000000000001,
        "13": 57.86,
        "14": 57.269999999999996,
        "15": 57.16,
        "16": 55.93999999999999,
        "17": 57.04,
        "18": 56.77999999999999,
        "19": 55.669999999999995,
        "20": 56.81,
        "21": 55.790000000000006,
        "22": 45.410000000000004,
        "23": 56.34,
        "24": 56.690000000000005,
        "25": 57.43000000000001,
        "26": 56.83999999999999,
        "27": 56.77999999999999,
        "28": 57.84,
        "29": 58.160000000000004,
        "30": 55.510000000000005
    },
    "run_id": 7376637514966906993,
    "model": "SimpleCNN",
    "num_server_rounds": 30,
    "epochs": 2,
    "strategy": "FedAvg"
}