{
    "weighted average accuracy": {
        "1": 9.629999999999999,
        "2": 9.629999999999999,
        "3": 9.629999999999999,
        "4": 9.629999999999999,
        "5": 9.629999999999999
    },
    "run_id": 9081525305095705863,
    "model": "SimpleCNN",
    "num_server_rounds": 5,
    "epochs": 2,
    "strategy": "FedAvg"
}