{
    "weighted average accuracy": {
        "1": 11.86,
        "2": 11.959999999999999,
        "3": 12.950000000000001,
        "4": 13.449999999999998,
        "5": 14.069999999999999,
        "6": 17.25,
        "7": 22.34,
        "8": 28.349999999999998,
        "9": 31.71,
        "10": 32.64,
        "11": 32.36,
        "12": 32.26,
        "13": 32.33,
        "14": 31.849999999999994,
        "15": 31.379999999999995,
        "16": 30.589999999999996,
        "17": 29.169999999999995,
        "18": 28.71,
        "19": 29.000000000000004,
        "20": 29.989999999999995,
        "21": 31.330000000000002,
        "22": 32.07,
        "23": 32.74,
        "24": 33.41,
        "25": 34.199999999999996,
        "26": 34.79,
        "27": 34.489999999999995,
        "28": 34.33,
        "29": 34.489999999999995,
        "30": 35.150000000000006,
        "31": 35.809999999999995,
        "32": 36.31999999999999,
        "33": 36.84,
        "34": 36.660000000000004,
        "35": 35.72,
        "36": 35.19,
        "37": 34.88,
        "38": 35.29,
        "39": 36.58,
        "40": 37.7,
        "41": 38.26,
        "42": 38.84,
        "43": 40.01,
        "44": 40.300000000000004,
        "45": 40.9,
        "46": 41.31,
        "47": 41.36,
        "48": 42.2,
        "49": 42.63999999999999,
        "50": 42.74
    },
    "run_id": 13868395040401784303,
    "model": "ResNetModel",
    "num_server_rounds": 50,
    "epochs": 1,
    "strategy": "FedYogi"
}