{
    "weighted average accuracy": {
        "1": 58.879999999999995,
        "2": 58.43000000000001
    },
    "run_id": 8989085910118286883
}