{
    "weighted average accuracy": {
        "1": 59.47272727272727,
        "2": 59.47381275440977
    },
    "run_id": 12415106449185128445
}