{
    "weighted average accuracy": {
        "1": 57.440000000000005,
        "2": 58.239999999999995
    },
    "run_id": 13351426048023058094
}