{
    "weighted average accuracy": {
        "1": 58.81000000000001,
        "2": 58.650000000000006
    },
    "run_id": 8754849227005723097,
    "model": "SimpleCNN",
    "num_server_rounds": 2,
    "epochs": 2,
    "strategy": "FedAvg"
}