{
    "weighted average accuracy": {
        "1": 59.28141112618724,
        "2": 59.4729986431479
    },
    "run_id": 16630782707750913889
}