{
    "weighted average accuracy": {
        "1": 10.209999999999999,
        "2": 10.209999999999999,
        "3": 10.209999999999999,
        "4": 10.209999999999999,
        "5": 10.209999999999999,
        "6": 10.209999999999999,
        "7": 10.22,
        "8": 10.22,
        "9": 10.22,
        "10": 10.22,
        "11": 10.22,
        "12": 10.24,
        "13": 10.25,
        "14": 10.24,
        "15": 10.25,
        "16": 10.3,
        "17": 10.430000000000001,
        "18": 10.539999999999997,
        "19": 10.489999999999998,
        "20": 10.329999999999998,
        "21": 10.329999999999998,
        "22": 10.32,
        "23": 10.29,
        "24": 10.25,
        "25": 10.25,
        "26": 10.25,
        "27": 10.24,
        "28": 10.24,
        "29": 10.25,
        "30": 10.25
    },
    "run_id": 13867340515329411624,
    "model": "SimpleCNN",
    "num_server_rounds": 30,
    "epochs": 10,
    "strategy": "FedAvg"
}