{
    "weighted average accuracy": {
        "1": 58.599999999999994,
        "2": 58.82999999999999
    },
    "run_id": 11530638765296331118
}