{
    "weighted average accuracy": {
        "1": 58.230000000000004,
        "2": 58.43999999999999
    },
    "run_id": 8856966612510228145
}