{
    "weighted average accuracy": {
        "1": 25.23853459972863,
        "2": 30.621438263229305,
        "3": 33.19402985074627,
        "4": 36.42713704206241,
        "5": 37.570420624151964,
        "6": 37.81139755766622,
        "7": 39.904206241519674,
        "8": 41.09389416553596,
        "9": 41.332971506105835,
        "10": 42.62089552238806
    },
    "run_id": 12411198304771637308
}