{
    "weighted average accuracy": {
        "1": 58.72999999999999,
        "2": 58.529999999999994
    },
    "run_id": 4293867421041941892
}