{
    "weighted average accuracy": {
        "1": 58.81999999999999,
        "2": 59.089999999999996,
        "3": 59.25999999999999,
        "4": 58.730000000000004,
        "5": 59.12
    },
    "run_id": 3387747570873836817
}