{
    "weighted average accuracy": {
        "1": 26.289280868385344,
        "2": 32.245047489823605,
        "3": 33.24043419267299,
        "4": 37.097150610583455,
        "5": 37.9033921302578,
        "6": 39.61872455902307,
        "7": 40.9516960651289,
        "8": 44.38263229308006,
        "9": 43.61763907734057,
        "10": 44.42903663500679
    }
}